索引,捕获文库名,杂交日期,杂交探针,杂交时间(min),PostPCR循环数,PostPCR浓度(ng/ul),洗脱体积(ul),操作人,备注,上次修改时间,创建时间
1,ssM-4-CpGiant-20200512（YGH）,2000-01-01,无,9999.0,9,54.0,40.0,CHH,无,2020/08/20 08:29,2020/08/20 08:29
2,ssM-3-CpGiant-20200512（YGH）,2000-01-01,无,9999.0,9,69.0,40.0,LZQ、CHH,无,2020/08/20 08:29,2020/08/20 08:29
3,ssM-2-CpGiant-20200512（YGH）,2000-01-01,无,9999.0,9,43.0,40.0,LZQ、CHH,无,2020/08/20 08:29,2020/08/20 08:29
4,ssM-1-CpGiant-20200512（YGH）,2000-01-01,无,9999.0,9,62.6,40.0,LZQ、CHH,无,2020/08/20 08:29,2020/08/20 08:29
5,ssM-5-CpGiant-20200324（YGH）,2000-01-01,无,9999.0,9,32.6,40.0,LZQ、CHH,无,2020/08/20 08:29,2020/08/20 08:29
6,ssM-4-CpGiant-20200324（YGH）,2000-01-01,无,9999.0,9,37.6,40.0,LZQ、CHH,无,2020/08/20 08:29,2020/08/20 08:29
7,ssM-3-CpGiant-20200324（YGH）,2000-01-01,无,9999.0,9,38.4,40.0,LZQ、CHH,无,2020/08/20 08:29,2020/08/20 08:29
8,ssM-2-CpGiant-20200324（YGH）,2000-01-01,无,9999.0,9,50.8,40.0,LZQ、CHH,无,2020/08/20 08:29,2020/08/20 08:29
9,ssM-1-CpGiant-20200324（YGH）,2000-01-01,无,9999.0,9,35.0,40.0,LZQ、CHH,无,2020/08/20 08:29,2020/08/20 08:29
10,ssM-6-CpGiant-20200214（LZL）,2000-01-01,SeqCap Epi CpGiant Enrichment Kit,70.5,9,51.6,40.0,LZQ,无,2020/08/20 08:29,2020/08/20 08:29
11,ssM-5-CpGiant-20200214（LZL）,2000-01-01,SeqCap Epi CpGiant Enrichment Kit,70.5,9,56.0,40.0,LZQ,无,2020/08/20 08:29,2020/08/20 08:29
12,ssM-4-CpGiant-20200214（LZL）,2000-01-01,SeqCap Epi CpGiant Enrichment Kit,70.5,9,55.6,40.0,LZQ,无,2020/08/20 08:29,2020/08/20 08:29
13,ssM-3-CpGiant-20200214（LZL）,2000-01-01,SeqCap Epi CpGiant Enrichment Kit,70.5,9,48.8,40.0,LZQ,无,2020/08/20 08:29,2020/08/20 08:29
14,ssM-2-CpGiant-20200214（LZL）,2000-01-01,SeqCap Epi CpGiant Enrichment Kit,70.5,9,46.0,40.0,LZQ,无,2020/08/20 08:29,2020/08/20 08:29
15,ssM-8-CpGiant-20200131（LZL）,2000-01-01,SeqCap Epi CpGiant Enrichment Kit,65.5,10,89.2,40.0,LZQ,无,2020/08/20 08:29,2020/08/20 08:29
16,ssM-7-CpGiant-20200131（LZL）,2000-01-01,SeqCap Epi CpGiant Enrichment Kit,65.5,10,72.2,40.0,LZQ,无,2020/08/20 08:29,2020/08/20 08:29
17,ssM-6-CpGiant-20200131（LZL）,2000-01-01,SeqCap Epi CpGiant Enrichment Kit,65.5,10,77.8,40.0,LZQ,无,2020/08/20 08:29,2020/08/20 08:29
18,ssM-5-CpGiant-20200131（LZL）,2000-01-01,SeqCap Epi CpGiant Enrichment Kit,65.5,10,86.0,40.0,LZQ,无,2020/08/20 08:29,2020/08/20 08:29
19,ssM-4-CpGiant-20200131（LZL）,2000-01-01,SeqCap Epi CpGiant Enrichment Kit,65.5,10,58.6,40.0,LZQ,无,2020/08/20 08:29,2020/08/20 08:29
20,ssM-3-CpGiant-20200131（LZL）,2000-01-01,SeqCap Epi CpGiant Enrichment Kit,65.5,10,77.8,40.0,LZQ,无,2020/08/20 08:29,2020/08/20 08:29
21,ssM-2-CpGiant-20200131（LZL）,2000-01-01,SeqCap Epi CpGiant Enrichment Kit,65.5,10,58.4,40.0,LZQ,无,2020/08/20 08:29,2020/08/20 08:29
22,ssM-1-CpGiant-20200131（LZL）,2000-01-01,SeqCap Epi CpGiant Enrichment Kit,65.5,10,67.4,40.0,LZQ,无,2020/08/20 08:29,2020/08/20 08:29
23,ssM-CpGiant-6-20200116（LZL）,2000-01-01,SeqCap Epi CpGiant Enrichment Kit,67.0,10,78.6,40.0,LZQ,无,2020/08/20 08:29,2020/08/20 08:29
24,ssM-CpGiant-5-20200116（LZL）,2000-01-01,SeqCap Epi CpGiant Enrichment Kit,67.0,10,55.0,40.0,LZQ,无,2020/08/20 08:29,2020/08/20 08:29
25,ssM-CpGiant-4-20200116（LZL）,2000-01-01,SeqCap Epi CpGiant Enrichment Kit,67.0,10,51.2,40.0,LZQ,无,2020/08/20 08:29,2020/08/20 08:29
26,ssM-CpGiant-3-20200116（LZL）,2000-01-01,SeqCap Epi CpGiant Enrichment Kit,67.0,10,76.8,40.0,LZL,无,2020/08/20 08:29,2020/08/20 08:29
27,ssM-CpGiant-2-20200116（LZL）,2000-01-01,SeqCap Epi CpGiant Enrichment Kit,67.0,10,58.4,40.0,LZL,无,2020/08/20 08:29,2020/08/20 08:29
28,ssM-CpGiant-1-20200116（LZL）,2000-01-01,SeqCap Epi CpGiant Enrichment Kit,67.0,10,65.0,40.0,LZL,无,2020/08/20 08:29,2020/08/20 08:29
29,ssM-1-CpGiant-20200214（LZL）,2000-01-01,SeqCap Epi CpGiant Enrichment Kit,70.5,9,60.0,40.0,LZL,无,2020/08/20 08:29,2020/08/20 08:29
30,ssM-CpGiant-3-20200113（LZL）,2000-01-01,SeqCap Epi CpGiant Enrichment Kit,68.0,10,74.0,40.0,LZQ,无,2020/08/20 08:29,2020/08/20 08:29
31,ssM-CpGiant-2-20200113（LZL）,2000-01-01,SeqCap Epi CpGiant Enrichment Kit,68.0,10,72.8,40.0,LZQ,无,2020/08/20 08:29,2020/08/20 08:29
32,ssM-CpGiant-1-20200113（LZL）,2000-01-01,SeqCap Epi CpGiant Enrichment Kit,68.0,10,67.2,40.0,LZQ,无,2020/08/20 08:29,2020/08/20 08:29
33,ssM-CpGiant-4-20191227（LZL）,2000-01-01,SeqCap Epi CpGiant Enrichment Kit,69.5,10,52.6,40.0,LZQ,无,2020/08/20 08:29,2020/08/20 08:29
34,ssM-CpGiant-3-20191227（LZL）,2000-01-01,SeqCap Epi CpGiant Enrichment Kit,69.5,10,62.6,40.0,LZQ,无,2020/08/20 08:29,2020/08/20 08:29
35,ssM-CpGiant-2-20191227（LZL）,2000-01-01,SeqCap Epi CpGiant Enrichment Kit,69.5,10,58.2,40.0,LZQ,无,2020/08/20 08:29,2020/08/20 08:29
36,ssM-CpGiant-1-20191227（LZL）,2000-01-01,SeqCap Epi CpGiant Enrichment Kit,69.5,10,65.4,40.0,LZQ,无,2020/08/20 08:29,2020/08/20 08:29
37,ssM-CpGiant-7-20191220（LZL）,2000-01-01,SeqCap Epi CpGiant Enrichment Kit,70.0,10,41.0,40.0,LZQ,无,2020/08/20 08:29,2020/08/20 08:29
38,ssM-CpGiant-6-20191220（LZL）,2000-01-01,SeqCap Epi CpGiant Enrichment Kit,70.0,10,59.4,40.0,LZQ,无,2020/08/20 08:29,2020/08/20 08:29
39,ssM-CpGiant-5-20191220（LZL）,2000-01-01,SeqCap Epi CpGiant Enrichment Kit,70.0,10,64.4,40.0,LZQ,无,2020/08/20 08:29,2020/08/20 08:29
40,ssM-CpGiant-4-20191220（LZL）,2000-01-01,SeqCap Epi CpGiant Enrichment Kit,70.0,10,40.2,40.0,LZQ,无,2020/08/20 08:29,2020/08/20 08:29
41,ssM-CpGiant-3-20191220（LZL）,2000-01-01,SeqCap Epi CpGiant Enrichment Kit,70.0,10,51.4,40.0,LZQ,无,2020/08/20 08:29,2020/08/20 08:29
42,ssM-CpGiant-4-20191213（LZL）,2000-01-01,SeqCap Epi CpGiant Enrichment Kit,65.5,10,50.4,40.0,LZQ,无,2020/08/20 08:29,2020/08/20 08:29
43,ssM-CpGiant-2-20191220（LZL）,2000-01-01,SeqCap Epi CpGiant Enrichment Kit,70.0,10,51.4,40.0,LZQ,无,2020/08/20 08:29,2020/08/20 08:29
44,ssM-CpGiant-3-20191213（LZL）,2000-01-01,SeqCap Epi CpGiant Enrichment Kit,65.5,10,56.0,40.0,LZQ,无,2020/08/20 08:29,2020/08/20 08:29
45,ssM-CpGiant-2-20191213（LZL）,2000-01-01,SeqCap Epi CpGiant Enrichment Kit,65.5,10,48.2,40.0,LZQ,无,2020/08/20 08:29,2020/08/20 08:29
46,ssM-CpGiant-1-20191213（LZL）,2000-01-01,SeqCap Epi CpGiant Enrichment Kit,65.5,10,52.0,40.0,LZQ,无,2020/08/20 08:29,2020/08/20 08:29
47,ssM-CpGiant-4-20191209（LZL）,2000-01-01,SeqCap Epi CpGiant Enrichment Kit,71.5,10,50.0,40.0,LZQ,无,2020/08/20 08:29,2020/08/20 08:29
48,ssM-CpGiant-3-20191209（LZL）,2000-01-01,SeqCap Epi CpGiant Enrichment Kit,71.5,10,38.4,40.0,LZQ,无,2020/08/20 08:29,2020/08/20 08:29
49,ssM-CpGiant-4-20191203（LZL）,2000-01-01,SeqCap Epi CpGiant Enrichment Kit,65.0,10,42.2,40.0,LZQ,无,2020/08/20 08:29,2020/08/20 08:29
50,ssM-CpGiant-3-20191203（LZL）,2000-01-01,SeqCap Epi CpGiant Enrichment Kit,65.0,10,34.2,40.0,LZQ,无,2020/08/20 08:29,2020/08/20 08:29
51,ssM-CpGiant-2-20191203（LZL）,2000-01-01,SeqCap Epi CpGiant Enrichment Kit,65.0,10,44.6,40.0,LZQ,无,2020/08/20 08:29,2020/08/20 08:29
52,ssM-CpGiant-1-20191203（LZL）,2000-01-01,SeqCap Epi CpGiant Enrichment Kit,65.0,10,41.4,40.0,LZQ,无,2020/08/20 08:29,2020/08/20 08:29
53,ssM-CpGiant-4-20191129（LZL）,2000-01-01,SeqCap Epi CpGiant Enrichment Kit,71.5,10,37.8,40.0,LZL,无,2020/08/20 08:29,2020/08/20 08:29
54,ssM-CpGiant-3-20191129（LZL）,2000-01-01,SeqCap Epi CpGiant Enrichment Kit,71.5,10,40.6,40.0,LZL,无,2020/08/20 08:29,2020/08/20 08:29
55,ssM-CpGiant-2-20191209（LZL）,2000-01-01,SeqCap Epi CpGiant Enrichment Kit,71.5,10,39.2,40.0,LZQ,无,2020/08/20 08:29,2020/08/20 08:29
56,ssM-CpGiant-4-20191122（LZL）,2000-01-01,SeqCap Epi CpGiant Enrichment Kit,71.0,10,43.8,40.0,LZL,无,2020/08/20 08:29,2020/08/20 08:29
57,ssM-CpGiant-3-20191122（LZL）,2000-01-01,SeqCap Epi CpGiant Enrichment Kit,71.0,10,39.4,40.0,LZL,无,2020/08/20 08:29,2020/08/20 08:29
58,ssM-CpGiant-1-20191209（LZL）,2000-01-01,SeqCap Epi CpGiant Enrichment Kit,71.5,10,38.8,40.0,LZQ,无,2020/08/20 08:29,2020/08/20 08:29
59,ssM-CpGiant-4-20191115（LZL）,2000-01-01,SeqCap Epi CpGiant Enrichment Kit,69.5,10,53.6,40.0,LZL,无,2020/08/20 08:29,2020/08/20 08:29
60,ssM-CpGiant-3-20191115（LZL）,2000-01-01,SeqCap Epi CpGiant Enrichment Kit,69.5,10,51.2,40.0,LZL,无,2020/08/20 08:29,2020/08/20 08:29
61,ssM-CpGiant-2-20191115（LZL）,2000-01-01,SeqCap Epi CpGiant Enrichment Kit,69.5,10,44.0,40.0,LZL,无,2020/08/20 08:29,2020/08/20 08:29
62,ssM-CpGiant-1-20191115（LZL）,2000-01-01,SeqCap Epi CpGiant Enrichment Kit,69.5,10,48.2,40.0,LZL,无,2020/08/20 08:29,2020/08/20 08:29
63,ssM-CpGiant-6-20191115（LZL）,2000-01-01,SeqCap Epi CpGiant Enrichment Kit,69.5,10,79.4,40.0,CSS,无,2020/08/20 08:29,2020/08/20 08:29
64,ssM-CpGiant-5-20191115（LZL）,2000-01-01,SeqCap Epi CpGiant Enrichment Kit,69.5,10,112.0,40.0,CSS,无,2020/08/20 08:29,2020/08/20 08:29
65,ssM-CpGiant-4-20191104（CSS）,2000-01-01,SeqCap Epi CpGiant Enrichment Kit,70.0,10,40.8,40.0,LZL,无,2020/08/20 08:29,2020/08/20 08:29
66,ssM-CpGiant-3-20191104（CSS）,2000-01-01,SeqCap Epi CpGiant Enrichment Kit,70.0,10,36.0,40.0,LZL,无,2020/08/20 08:29,2020/08/20 08:29
67,BisCap-3-20191024（LZL）,2000-01-01,BisCap Target Probes,16.0,16,134.0,40.0,LZL,无,2020/08/20 08:29,2020/08/20 08:29
68,BisCap-2-20191024（LZL）,2000-01-01,BisCap Target Probes,16.0,16,129.0,40.0,LZL,无,2020/08/20 08:29,2020/08/20 08:29
69,BisCap-1-20191024（LZL）,2000-01-01,BisCap Target Probes,16.0,16,119.0,40.0,LZL,无,2020/08/20 08:29,2020/08/20 08:29
70,ssM-CpGiant-2-20191122（LZL）,2000-01-01,SeqCap Epi CpGiant Enrichment Kit,71.0,10,48.2,40.0,CSS,无,2020/08/20 08:29,2020/08/20 08:29
71,ssM-CpGiant-1-20191122（LZL）,2000-01-01,SeqCap Epi CpGiant Enrichment Kit,71.0,10,53.0,40.0,CSS,无,2020/08/20 08:29,2020/08/20 08:29
72,ssM-BK_486K-2-20191022（LZL）,2000-01-01,BK_486K（Tube1+2+3），9pmol蒸干浓缩,16.0,11,4.98,40.0,LZL,无,2020/08/20 08:29,2020/08/20 08:29
73,ssM-BK_486K-1-20191022（LZL）,2000-01-01,BK_486K（Tube1+2+3），9pmol蒸干浓缩,16.0,11,2.18,40.0,LZL,无,2020/08/20 08:29,2020/08/20 08:29
74,ssM-CpGiant-8-20191029（CSS）,2000-01-01,SeqCap Epi CpGiant Enrichment Kit,67.0,10,34.2,40.0,LZL,无,2020/08/20 08:29,2020/08/20 08:29
75,ssM-CpGiant-7-20191029（CSS）,2000-01-01,SeqCap Epi CpGiant Enrichment Kit,67.0,10,29.8,40.0,LZL,无,2020/08/20 08:29,2020/08/20 08:29
76,ssM-CpGiant-4-20191018（LZL）,2000-01-01,SeqCap Epi CpGiant Enrichment Kit,71.0,10,81.0,40.0,LZL,无,2020/08/20 08:29,2020/08/20 08:29
77,ssM-CpGiant-3-20191018（LZL）,2000-01-01,SeqCap Epi CpGiant Enrichment Kit,71.0,10,68.0,40.0,LZL,无,2020/08/20 08:29,2020/08/20 08:29
78,ssM-CpGiant-2-20191018（LZL）,2000-01-01,SeqCap Epi CpGiant Enrichment Kit,71.0,10,93.6,40.0,CSS,无,2020/08/20 08:29,2020/08/20 08:29
79,ssM-CpGiant-6-20191029（CSS）,2000-01-01,SeqCap Epi CpGiant Enrichment Kit,67.0,10,30.6,40.0,CSS,无,2020/08/20 08:29,2020/08/20 08:29
80,ssM-CpGiant-5-20191029（CSS）,2000-01-01,SeqCap Epi CpGiant Enrichment Kit,67.0,10,30.6,40.0,CSS,无,2020/08/20 08:29,2020/08/20 08:29
81,ssM-BK_198K-3-20191008（LZL）,2000-01-01,mBK198,16.5,11,0.534,40.0,LZL,无,2020/08/20 08:29,2020/08/20 08:29
82,ssM-BK_486K-2-20191008（LZL）,2000-01-01,BK_486K（Tube1+2+3），15pmol蒸干浓缩,16.5,11,2.78,40.0,CSS,无,2020/08/20 08:29,2020/08/20 08:29
83,ssM-BK_486K-1-20191008（LZL）,2000-01-01,BK_486K（Tube1+2+3），15pmol蒸干浓缩,16.5,11,0.866,40.0,CSS,无,2020/08/20 08:29,2020/08/20 08:29
84,ssM-CpGiant-4-20191029（CSS）,2000-01-01,SeqCap Epi CpGiant Enrichment Kit,67.0,10,32.8,40.0,LZL,无,2020/08/20 08:29,2020/08/20 08:29
85,ssM-CpGiant-3-20191029（CSS）,2000-01-01,SeqCap Epi CpGiant Enrichment Kit,67.0,10,31.6,40.0,LZL,无,2020/08/20 08:29,2020/08/20 08:29
86,ssM-CpGiant-2-20191029（CSS）,2000-01-01,SeqCap Epi CpGiant Enrichment Kit,67.0,10,20.8,40.0,CSS,无,2020/08/20 08:29,2020/08/20 08:29
87,ssM-CpGiant-1-20191029（CSS）,2000-01-01,SeqCap Epi CpGiant Enrichment Kit,67.0,10,24.2,40.0,CSS,无,2020/08/20 08:29,2020/08/20 08:29
88,ssM-BK_486K-2-20190926（LZL）,2000-01-01,BK_486K（Tube1+2+3），9pmol蒸干浓缩,16.0,11,1.93,40.0,LZL,无,2020/08/20 08:29,2020/08/20 08:29
89,ssM-BK_486K-1-20190926（LZL）,2000-01-01,BK_486K（Tube1+2+3），9pmol蒸干浓缩,16.0,11,1.81,40.0,LZL,无,2020/08/20 08:29,2020/08/20 08:29
90,ssM-CpGiant-8-20191028（CSS）,2000-01-01,SeqCap Epi CpGiant Enrichment Kit,66.0,10,44.6,40.0,LZL,无,2020/08/20 08:29,2020/08/20 08:29
91,ssM-CpGiant-7-20191028（CSS）,2000-01-01,SeqCap Epi CpGiant Enrichment Kit,66.0,10,37.2,40.0,LZL,无,2020/08/20 08:29,2020/08/20 08:29
92,ssM-CpGiant-6-20191028（CSS）,2000-01-01,SeqCap Epi CpGiant Enrichment Kit,66.0,10,30.6,40.0,CSS,无,2020/08/20 08:29,2020/08/20 08:29
93,ssM-CpGiant-5-20191028（CSS）,2000-01-01,SeqCap Epi CpGiant Enrichment Kit,66.0,10,28.0,40.0,CSS,无,2020/08/20 08:29,2020/08/20 08:29
94,ssM-BK_486K-2-20190919（LZL）,2000-01-01,BK_486K（Tube1+2+3）,19.0,11,1.14,40.0,CSS,无,2020/08/20 08:29,2020/08/20 08:29
95,ssM-BK_486K-1-20190919（LZL）,2000-01-01,BK_486K（Tube1+2+3）,19.0,11,2.58,40.0,CSS,无,2020/08/20 08:29,2020/08/20 08:29
96,ssM-CpGiant-4-20191028（CSS）,2000-01-01,SeqCap Epi CpGiant Enrichment Kit,66.0,10,33.8,40.0,LZL,无,2020/08/20 08:29,2020/08/20 08:29
97,ssM-CpGiant-3-20191028（CSS）,2000-01-01,SeqCap Epi CpGiant Enrichment Kit,66.0,10,36.8,40.0,LZL,无,2020/08/20 08:29,2020/08/20 08:29
98,ssM-CpGiant-2-20191028（CSS）,2000-01-01,SeqCap Epi CpGiant Enrichment Kit,66.0,10,29.8,40.0,CSS,无,2020/08/20 08:29,2020/08/20 08:29
99,ssM-CpGiant-1-20191028（CSS）,2000-01-01,SeqCap Epi CpGiant Enrichment Kit,66.0,10,25.2,40.0,CSS,无,2020/08/20 08:29,2020/08/20 08:29
100,ssM-CpGiant-4-20191022（CSS）,2000-01-01,SeqCap Epi CpGiant Enrichment Kit,67.0,10,31.6,40.0,CSS,无,2020/08/20 08:29,2020/08/20 08:29
101,ssM-CpGiant-8-20191009,2000-01-01,SeqCap Epi CpGiant Enrichment Kit,62.0,9,17.5,40.0,CSS,无,2020/08/20 08:29,2020/08/20 08:29
102,ssM-CpGiant-7-20191009,2000-01-01,SeqCap Epi CpGiant Enrichment Kit,62.0,9,19.7,40.0,LZL,无,2020/08/20 08:29,2020/08/20 08:29
103,ssM-CpGiant-6-20191009,2000-01-01,SeqCap Epi CpGiant Enrichment Kit,62.0,9,19.0,40.0,LZL,无,2020/08/20 08:29,2020/08/20 08:29
104,ssM-CpGiant-4-20190926,2000-01-01,SeqCap Epi CpGiant Enrichment Kit,68.0,9,20.8,40.0,LZL,无,2020/08/20 08:29,2020/08/20 08:29
105,ssM-Choice-2-20190920（LZL）,2000-01-01,SeqCap Epi Choice S Probes,70.0,9,86.6,40.0,LZL,无,2020/08/20 08:29,2020/08/20 08:29
106,ssM-Choice-1-20190920（LZL）,2000-01-01,SeqCap Epi Choice S Probes,70.0,9,93.2,40.0,LZL,无,2020/08/20 08:29,2020/08/20 08:29
107,ssM-CpGiant-3-20190926,2000-01-01,SeqCap Epi CpGiant Enrichment Kit,68.0,9,19.7,40.0,CSS,无,2020/08/20 08:29,2020/08/20 08:29
108,ssM-CpGiant-3-20191022（CSS）,2000-01-01,SeqCap Epi CpGiant Enrichment Kit,67.0,10,9999.0,40.0,CSS,无,2020/08/20 08:29,2020/08/20 08:29
109,ssM-Choice-3-20190920（LZL）,2000-01-01,SeqCap Epi Choice S Probes,70.0,9,13.4,40.0,LZL,无,2020/08/20 08:29,2020/08/20 08:29
110,BisCap-2-20190903（LZL）,2000-01-01,BisCap Target Probes,20.0,16,49.6,40.0,CSS,无,2020/08/20 08:29,2020/08/20 08:29
111,BisCap-1-20190903（LZL）,2000-01-01,BisCap Target Probes,20.0,16,52.6,40.0,LZL,无,2020/08/20 08:29,2020/08/20 08:29
112,ssM-CpGiant-2-20191104（CSS）,2000-01-01,SeqCap Epi CpGiant Enrichment Kit,70.0,9,33.6,40.0,CSS,无,2020/08/20 08:29,2020/08/20 08:29
113,ssM-CpGiant-1-20191104（CSS）,2000-01-01,SeqCap Epi CpGiant Enrichment Kit,70.0,10,25.4,40.0,CSS,无,2020/08/20 08:29,2020/08/20 08:29
114,ssM-Choice-9-20190823（LZL）,2000-01-01,SeqCap Epi Choice S Probes,71.0,9,30.0,40.0,LZL,无,2020/08/20 08:29,2020/08/20 08:29
115,ssM-CpGiant-5-20191009,2000-01-01,SeqCap Epi CpGiant Enrichment Kit,9999.0,62,9.0,24.4,LZL,无,2020/08/20 08:29,2020/08/20 08:29
116,ssM-CpGiant-4-20191009,2000-01-01,SeqCap Epi CpGiant Enrichment Kit,9999.0,62,9.0,25.4,LZL,无,2020/08/20 08:29,2020/08/20 08:29
117,ssM-CpGiant-8-20190823,2000-01-01,SeqCap Epi CpGiant Enrichment Kit,71.0,9,14.9,40.0,CSS,无,2020/08/20 08:29,2020/08/20 08:29
118,ssM-CpGiant-7-20190823,2000-01-01,SeqCap Epi CpGiant Enrichment Kit,71.0,9,16.5,40.0,CSS,无,2020/08/20 08:29,2020/08/20 08:29
119,ssM-CpGiant-6-20190823,2000-01-01,SeqCap Epi CpGiant Enrichment Kit,71.0,9,15.2,40.0,CSS,无,2020/08/20 08:29,2020/08/20 08:29
120,ssM-CpGiant-5-20190823,2000-01-01,SeqCap Epi CpGiant Enrichment Kit,71.0,9,13.7,40.0,CSS,无,2020/08/20 08:29,2020/08/20 08:29
121,ssM-CpGiant-1-20191220（LZL）,2000-01-01,SeqCap Epi CpGiant Enrichment Kit,70.0,10,40.0,40.0,LZL,无,2020/08/20 08:29,2020/08/20 08:29
122,ssM-CpGiant-1-20191022（CSS）,2000-01-01,SeqCap Epi CpGiant Enrichment Kit,67.0,10,42.6,40.0,LZL,无,2020/08/20 08:29,2020/08/20 08:29
123,ssM-CpGiant-2-20190926,2000-01-01,SeqCap Epi CpGiant Enrichment Kit,68.0,9,23.6,40.0,LZL,无,2020/08/20 08:29,2020/08/20 08:29
124,ssM-CpGiant-1-20190926,2000-01-01,SeqCap Epi CpGiant Enrichment Kit,68.0,9,27.8,40.0,LZL,无,2020/08/20 08:29,2020/08/20 08:29
125,ssM-Choice-2-20190809,2000-01-01,SeqCap Epi Choice S Probes,71.0,9,3.68,40.0,CSS,无,2020/08/20 08:29,2020/08/20 08:29
126,ssM-Choice-1-20190809,2000-01-01,SeqCap Epi Choice S Probes,71.0,9,21.8,40.0,CSS,无,2020/08/20 08:29,2020/08/20 08:29
127,ssM-CpGiant-2-20191022（CSS）,2000-01-01,SeqCap Epi CpGiant Enrichment Kit,67.0,10,40.4,40.0,LZL,无,2020/08/20 08:29,2020/08/20 08:29
128,ssM-CpGiant-4-20190809,2000-01-01,SeqCap Epi CpGiant Enrichment Kit,71.0,9,24.6,40.0,CSS,无,2020/08/20 08:29,2020/08/20 08:29
129,ssM-CpGiant-3-20190809,2000-01-01,SeqCap Epi CpGiant Enrichment Kit,71.0,9,13.4,40.0,CSS,无,2020/08/20 08:29,2020/08/20 08:29
130,ssM-CpGiant-2-20190809,2000-01-01,SeqCap Epi CpGiant Enrichment Kit,71.0,9,29.0,40.0,LZL,无,2020/08/20 08:29,2020/08/20 08:29
131,ssM-CpGiant-1-20190809,2000-01-01,SeqCap Epi CpGiant Enrichment Kit,71.0,9,25.2,40.0,LZL,无,2020/08/20 08:29,2020/08/20 08:29
132,ssM-CpGiant-1-20191018（LZL）,2000-01-01,SeqCap Epi CpGiant Enrichment Kit,71.0,10,51.4,40.0,LZL,无,2020/08/20 08:29,2020/08/20 08:29
133,ssM-CpGiant-4-20190722,2000-01-01,SeqCap Epi CpGiant Enrichment Kit,71.0,9,20.8,40.0,CSS,无,2020/08/20 08:29,2020/08/20 08:29
134,ssM-CpGiant-2-20190722,2000-01-01,SeqCap Epi CpGiant Enrichment Kit,71.0,9,17.1,40.0,LZL,无,2020/08/20 08:29,2020/08/20 08:29
135,IDTL291、IDTL299,2000-01-01,IDT1913,9999.0,9999,9999.0,9999.0,LZL,无,2020/08/20 08:29,2020/08/20 08:29
136,ssM-CpGiant-1-20190722,2000-01-01,SeqCap Epi CpGiant Enrichment Kit,71.0,9,16.9,40.0,CSS,无,2020/08/20 08:29,2020/08/20 08:29
137,ssM-CpGiant-6-20190712,2000-01-01,无,9999.0,9999,9999.0,9999.0,CSS,无,2020/08/20 08:29,2020/08/20 08:29
138,ssM-CpGiant-5-20190712,2000-01-01,无,9999.0,9999,9999.0,9999.0,LZL,无,2020/08/20 08:29,2020/08/20 08:29
139,ssM-CpGiant-4-20190712,2000-01-01,无,9999.0,9999,9999.0,9999.0,LZL,无,2020/08/20 08:29,2020/08/20 08:29
140,ssM-CpGiant-3-20191009,2000-01-01,SeqCap Epi CpGiant Enrichment Kit,62.0,9,17.7,40.0,LZL,无,2020/08/20 08:29,2020/08/20 08:29
141,ssM-CpGiant-2-20191009,2000-01-01,SeqCap Epi CpGiant Enrichment Kit,62.0,9,17.2,40.0,LZL,无,2020/08/20 08:29,2020/08/20 08:29
142,ssM-choice-2-20190705,2000-01-01,SeqCap Epi Choice S Probes,9999.0,9999,9999.0,9999.0,CSS,无,2020/08/20 08:29,2020/08/20 08:29
143,ssM-CpGiant-1-20191009,2000-01-01,SeqCap Epi CpGiant Enrichment Kit,62.0,9,15.6,9999.0,CSS,无,2020/08/20 08:29,2020/08/20 08:29
144,ssM-CpGiant-4-20190823,2000-01-01,SeqCap Epi CpGiant Enrichment Kit,71.0,9,14.7,40.0,CSS,无,2020/08/20 08:29,2020/08/20 08:29
145,ssM-CpGiant-3-20190823,2000-01-01,SeqCap Epi CpGiant Enrichment Kit,71.0,9,14.4,40.0,CSS,无,2020/08/20 08:29,2020/08/20 08:29
146,ssM-CpGiant-2-20190823,2000-01-01,SeqCap Epi CpGiant Enrichment Kit,71.0,9,15.6,40.0,CSS,无,2020/08/20 08:29,2020/08/20 08:29
147,ssM-CpGiant-1-20190823,2000-01-01,SeqCap Epi CpGiant Enrichment Kit,71.0,9,13.6,40.0,CSS,无,2020/08/20 08:29,2020/08/20 08:29
148,ssM-CpGiant-8-20190628,2000-01-01,SeqCap Epi CpGiant Enrichment Kit,70.0,10,40.0,40.0,LZL,无,2020/08/20 08:29,2020/08/20 08:29
149,ssM-CpGiant-7-20190628,2000-01-01,SeqCap Epi CpGiant Enrichment Kit,70.0,10,37.2,40.0,LZL,无,2020/08/20 08:29,2020/08/20 08:29
150,ssM-CpGiant-6-20190628,2000-01-01,SeqCap Epi CpGiant Enrichment Kit,70.0,10,35.4,40.0,LZL,无,2020/08/20 08:29,2020/08/20 08:29
151,ssM-CpGiant-5-20190628,2000-01-01,SeqCap Epi CpGiant Enrichment Kit,70.0,10,32.8,40.0,LZL,无,2020/08/20 08:29,2020/08/20 08:29
152,ssM-Choice-16-20190621,2000-01-01,SeqCap Epi Choice S Probes,69.0,10,25.0,40.0,LZL,无,2020/08/20 08:29,2020/08/20 08:29
153,ssM-CpGiant-4-20190628,2000-01-01,SeqCap Epi CpGiant Enrichment Kit,70.0,10,28.2,40.0,CSS,无,2020/08/20 08:29,2020/08/20 08:29
154,ssM-CpGiant-3-20190628,2000-01-01,SeqCap Epi CpGiant Enrichment Kit,70.0,10,28.2,40.0,CSS,无,2020/08/20 08:29,2020/08/20 08:29
155,ssM-CpGiant-2-20190628,2000-01-01,SeqCap Epi CpGiant Enrichment Kit,70.0,10,28.2,40.0,CSS,无,2020/08/20 08:29,2020/08/20 08:29
156,ssM-CpGiant-1-20190628,2000-01-01,SeqCap Epi CpGiant Enrichment Kit,70.0,10,28.2,40.0,CSS,无,2020/08/20 08:29,2020/08/20 08:29
157,ssM-Choice-2-190614,2000-01-01,SeqCap Epi Choice S Probes,9999.0,9999,9999.0,9999.0,LZL,无,2020/08/20 08:29,2020/08/20 08:29
158,ssM-Choice-1-190614,2000-01-01,SeqCap Epi Choice S Probes,9999.0,9999,9999.0,9999.0,LZL,无,2020/08/20 08:29,2020/08/20 08:29
159,ssM-CpGiant-14-20190621,2000-01-01,SeqCap Epi CpGiant Enrichment Kit,69.0,10,23.8,40.0,LZL,无,2020/08/20 08:29,2020/08/20 08:29
160,ssM-CpGiant-13-20190621,2000-01-01,SeqCap Epi CpGiant Enrichment Kit,69.0,10,24.2,40.0,LZL,无,2020/08/20 08:29,2020/08/20 08:29
161,ssM-CpGiant-12-20190621,2000-01-01,SeqCap Epi CpGiant Enrichment Kit,69.0,10,33.6,40.0,LZL,无,2020/08/20 08:29,2020/08/20 08:29
162,ssM-CpGiant-11-20190621,2000-01-01,SeqCap Epi CpGiant Enrichment Kit,69.0,10,35.2,40.0,LZL,无,2020/08/20 08:29,2020/08/20 08:29
163,ssM-CpGiant-10-20190621,2000-01-01,SeqCap Epi CpGiant Enrichment Kit,69.0,10,33.2,40.0,LZL,无,2020/08/20 08:29,2020/08/20 08:29
164,ssM-CpGiant-9-20190621,2000-01-01,SeqCap Epi CpGiant Enrichment Kit,69.0,10,32.2,40.0,LZL,无,2020/08/20 08:29,2020/08/20 08:29
165,ssM-CpGiant-8-20190621,2000-01-01,SeqCap Epi CpGiant Enrichment Kit,69.0,10,9999.0,40.0,CSS,无,2020/08/20 08:29,2020/08/20 08:29
166,ssM-CpGiant-7-20190621,2000-01-01,SeqCap Epi CpGiant Enrichment Kit,69.0,10,9999.0,40.0,CSS,无,2020/08/20 08:29,2020/08/20 08:29
167,ssM-CpGiant-6-20190621,2000-01-01,SeqCap Epi CpGiant Enrichment Kit,69.0,10,9999.0,40.0,CSS,无,2020/08/20 08:29,2020/08/20 08:29
168,ssM-CpGiant-5-20190621,2000-01-01,SeqCap Epi CpGiant Enrichment Kit,69.0,10,9999.0,40.0,LZL,无,2020/08/20 08:29,2020/08/20 08:29
169,ssM-CpGiant-4-20190621,2000-01-01,SeqCap Epi CpGiant Enrichment Kit,69.0,10,41.0,40.0,CSS,无,2020/08/20 08:29,2020/08/20 08:29
170,ssM-CpGiant-3-20190621,2000-01-01,SeqCap Epi CpGiant Enrichment Kit,69.0,10,41.0,40.0,CSS,无,2020/08/20 08:29,2020/08/20 08:29
171,ssM-CpGiant-4-20190610,2000-01-01,SeqCap Epi CpGiant Enrichment Kit,68.0,10,41.0,40.0,LZL,无,2020/08/20 08:29,2020/08/20 08:29
172,ssM-CpGiant-3-20190610,2000-01-01,SeqCap Epi CpGiant Enrichment Kit,68.0,10,39.4,40.0,LZL,无,2020/08/20 08:29,2020/08/20 08:29
173,ssM-CpGiant-2-20190610,2000-01-01,SeqCap Epi CpGiant Enrichment Kit,68.0,10,43.4,40.0,LZL,无,2020/08/20 08:29,2020/08/20 08:29
174,ssM-CpGiant-1-20190610,2000-01-01,SeqCap Epi CpGiant Enrichment Kit,68.0,10,40.4,40.0,LZL,无,2020/08/20 08:29,2020/08/20 08:29
175,ssM-CpGiant-15-20190621,2000-01-01,SeqCap Epi CpGiant Enrichment Kit,69.0,10,34.6,40.0,CSS,无,2020/08/20 08:29,2020/08/20 08:29
176,ssM-CpGiant-2-20190621,2000-01-01,SeqCap Epi CpGiant Enrichment Kit,69.0,10,32.2,40.0,CSS,无,2020/08/20 08:29,2020/08/20 08:29
177,ssM-CpGiant-1-20190621,2000-01-01,SeqCap Epi CpGiant Enrichment Kit,69.0,10,37.0,40.0,CSS,无,2020/08/20 08:29,2020/08/20 08:29
178,ssM-CpGiant-8-20190610,2000-01-01,SeqCap Epi CpGiant Enrichment Kit,68.0,10,37.0,40.0,LZL,无,2020/08/20 08:29,2020/08/20 08:29
179,ssM-CpGiant-7-20190610,2000-01-01,SeqCap Epi CpGiant Enrichment Kit,68.0,10,20.2,40.0,LZL,无,2020/08/20 08:29,2020/08/20 08:29
180,ssM-CpGiant-6-20190610,2000-01-01,SeqCap Epi CpGiant Enrichment Kit,68.0,10,34.6,40.0,LZL,无,2020/08/20 08:29,2020/08/20 08:29
181,ssM-CpGiant-5-20190610,2000-01-01,SeqCap Epi CpGiant Enrichment Kit,68.0,10,37.6,40.0,LZL,无,2020/08/20 08:29,2020/08/20 08:29
182,ssM-CpGiant-6-20190525,2000-01-01,SeqCap Epi CpGiant Enrichment Kit,67.0,10,36.0,40.0,CSS,无,2020/08/20 08:29,2020/08/20 08:29
183,ssM-CpGiant-5-20190525,2000-01-01,SeqCap Epi CpGiant Enrichment Kit,67.0,10,33.2,40.0,LZL,无,2020/08/20 08:29,2020/08/20 08:29
184,ssM-CpGiant-3-20190525,2000-01-01,SeqCap Epi CpGiant Enrichment Kit,67.0,10,29.4,40.0,LZL,无,2020/08/20 08:29,2020/08/20 08:29
185,ssM-CpGiant-2-20190525,2000-01-01,SeqCap Epi CpGiant Enrichment Kit,67.0,10,32.2,40.0,LZL,无,2020/08/20 08:29,2020/08/20 08:29
186,ssM-CpGiant-1-20190525,2000-01-01,SeqCap Epi CpGiant Enrichment Kit,67.0,10,31.2,40.0,LZL,无,2020/08/20 08:29,2020/08/20 08:29
187,ssM-CpGiant-8-20190521,2000-01-01,SeqCap Epi CpGiant Enrichment Kit,9999.0,10,28.2,40.0,LZL,无,2020/08/20 08:29,2020/08/20 08:29
188,ssM-CpGiant-7-20190521,2000-01-01,SeqCap Epi CpGiant Enrichment Kit,9999.0,10,34.2,40.0,LZL,无,2020/08/20 08:29,2020/08/20 08:29
189,ssM-CpGiant-6-20190521,2000-01-01,SeqCap Epi CpGiant Enrichment Kit,9999.0,10,36.2,40.0,LZL,无,2020/08/20 08:29,2020/08/20 08:29
190,ssM-CpGiant-5-20190521,2000-01-01,SeqCap Epi CpGiant Enrichment Kit,9999.0,10,35.0,40.0,LZL,无,2020/08/20 08:29,2020/08/20 08:29
191,ssM-CpGiant-4-20190521,2000-01-01,SeqCap Epi CpGiant Enrichment Kit,9999.0,10,26.4,40.0,CSS,无,2020/08/20 08:29,2020/08/20 08:29
192,ssM-CpGiant-3-20190521,2000-01-01,SeqCap Epi CpGiant Enrichment Kit,9999.0,10,27.6,40.0,CSS,无,2020/08/20 08:29,2020/08/20 08:29
193,ssM-CpGiant-2-20190521,2000-01-01,SeqCap Epi CpGiant Enrichment Kit,9999.0,10,28.6,40.0,CSS,无,2020/08/20 08:29,2020/08/20 08:29
194,ssM-CpGiant-1-20190521,2000-01-01,SeqCap Epi CpGiant Enrichment Kit,9999.0,10,28.6,40.0,CSS,无,2020/08/20 08:29,2020/08/20 08:29
195,ssM-CpGiant-8-20190517,2000-01-01,SeqCap Epi CpGiant Enrichment Kit,9999.0,10,37.8,40.0,CSS,无,2020/08/20 08:29,2020/08/20 08:29
196,ssM-CpGiant-7-20190517,2000-01-01,SeqCap Epi CpGiant Enrichment Kit,9999.0,10,34.4,40.0,CSS,无,2020/08/20 08:29,2020/08/20 08:29
197,ssM-CpGiant-6-20190517,2000-01-01,SeqCap Epi CpGiant Enrichment Kit,9999.0,10,38.0,40.0,CSS,无,2020/08/20 08:29,2020/08/20 08:29
198,ssM-CpGiant-5-20190517,2000-01-01,SeqCap Epi CpGiant Enrichment Kit,9999.0,10,35.2,40.0,CSS,无,2020/08/20 08:29,2020/08/20 08:29
199,ssM-CpGiant-3-20190722,2000-01-01,SeqCap Epi CpGiant Enrichment Kit,71.0,9,15.6,40.0,LZL,无,2020/08/20 08:29,2020/08/20 08:29
200,ssM-CpGiant-10-20190521,2000-01-01,SeqCap Epi CpGiant Enrichment Kit,67.0,10,48.2,40.0,LZL,无,2020/08/20 08:29,2020/08/20 08:29
201,ssM-CpGiant-9-20190521,2000-01-01,SeqCap Epi CpGiant Enrichment Kit,67.0,10,29.8,40.0,LZL,无,2020/08/20 08:29,2020/08/20 08:29
202,ssM-CpGiant-3-20190712,2000-01-01,SeqCap Epi CpGiant Enrichment Kit,71.0,9,23.0,40.0,LZL,无,2020/08/20 08:29,2020/08/20 08:29
203,ssM-CpGiant-1-20190705,2000-01-01,SeqCap Epi CpGiant Enrichment Kit,9999.0,9999,59.6,40.0,LZL,无,2020/08/20 08:29,2020/08/20 08:29
204,ssM-CpGiant-4-20190517,2000-01-01,SeqCap Epi CpGiant Enrichment Kit,72.0,9999,38.0,9999.0,LZL,无,2020/08/20 08:29,2020/08/20 08:29
205,ssM-CpGiant-3-20190517,2000-01-01,SeqCap Epi CpGiant Enrichment Kit,72.0,9999,38.4,9999.0,LZL,无,2020/08/20 08:29,2020/08/20 08:29
206,ssM-CpGiant-2-20190517,2000-01-01,SeqCap Epi CpGiant Enrichment Kit,72.0,9999,32.0,9999.0,LZL,无,2020/08/20 08:29,2020/08/20 08:29
207,ssM-CpGiant-1-20190517,2000-01-01,SeqCap Epi CpGiant Enrichment Kit,72.0,9999,30.4,9999.0,LZL,无,2020/08/20 08:29,2020/08/20 08:29
208,ssM-CpGiant-8-20190510,2000-01-01,SeqCap Epi CpGiant Enrichment Kit,72.0,10,37.0,40.0,CSS,无,2020/08/20 08:29,2020/08/20 08:29
209,ssM-CpGiant-7-20190510,2000-01-01,SeqCap Epi CpGiant Enrichment Kit,72.0,10,35.4,40.0,CSS,无,2020/08/20 08:29,2020/08/20 08:29
210,ssM-CpGiant-6-20190510,2000-01-01,SeqCap Epi CpGiant Enrichment Kit,72.0,10,28.6,40.0,CSS,无,2020/08/20 08:29,2020/08/20 08:29
211,ssM-CpGiant-5-20190510,2000-01-01,SeqCap Epi CpGiant Enrichment Kit,72.0,10,34.2,40.0,CSS,无,2020/08/20 08:29,2020/08/20 08:29
212,ssM-CpGiant-4-20190510,2000-01-01,SeqCap Epi CpGiant Enrichment Kit,72.0,10,36.6,40.0,LZL,无,2020/08/20 08:29,2020/08/20 08:29
213,ssM-CpGiant-3-20190510,2000-01-01,SeqCap Epi CpGiant Enrichment Kit,72.0,10,36.4,40.0,LZL,无,2020/08/20 08:29,2020/08/20 08:29
214,ssM-CpGiant-2-20190510,2000-01-01,SeqCap Epi CpGiant Enrichment Kit,72.0,10,30.4,40.0,LZL,无,2020/08/20 08:29,2020/08/20 08:29
215,ssM-CpGiant-1-20190510,2000-01-01,SeqCap Epi CpGiant Enrichment Kit,72.0,10,34.8,40.0,LZL,无,2020/08/20 08:29,2020/08/20 08:29
216,ssM-CpGiant-7-20190426,2000-01-01,SeqCap Epi CpGiant Enrichment Kit,68.5,10,26.2,40.0,CSS,无,2020/08/20 08:29,2020/08/20 08:29
217,ssM-CpGiant-6-20190426,2000-01-01,SeqCap Epi CpGiant Enrichment Kit,68.5,10,26.8,40.0,CSS,无,2020/08/20 08:29,2020/08/20 08:29
218,ssM-CpGiant-5-20190426,2000-01-01,SeqCap Epi CpGiant Enrichment Kit,68.5,10,33.0,40.0,CSS,无,2020/08/20 08:29,2020/08/20 08:29
219,ssM-CpGiant-4-20190426,2000-01-01,SeqCap Epi CpGiant Enrichment Kit,68.5,10,31.4,40.0,CSS,无,2020/08/20 08:29,2020/08/20 08:29
220,ssM-CpGiant-3-20190426,2000-01-01,SeqCap Epi CpGiant Enrichment Kit,68.5,10,48.4,40.0,CSS,无,2020/08/20 08:29,2020/08/20 08:29
221,ssM-CpGiant-2-20190426,2000-01-01,SeqCap Epi CpGiant Enrichment Kit,68.5,10,27.8,40.0,CSS,无,2020/08/20 08:29,2020/08/20 08:29
222,ssM-CpGiant-1-20190426_2,2000-01-01,SeqCap Epi CpGiant Enrichment Kit,68.5,10,32.0,40.0,CSS,无,2020/08/20 08:29,2020/08/20 08:29
223,ssM-CpGiant-6-20190726,2000-01-01,SeqCap Epi CpGiant Enrichment Kit,71.0,9,31.6,40.0,LZL,无,2020/08/20 08:29,2020/08/20 08:29
224,ssM-CpGiant-1-20190426_1,2000-01-01,SeqCap Epi CpGiant Enrichment Kit,69.5,10,32.0,40.0,LZL,无,2020/08/20 08:29,2020/08/20 08:29
225,ssM-CpGiant-4-20190726,2000-01-01,SeqCap Epi CpGiant Enrichment Kit,71.0,9,38.2,40.0,LZL,无,2020/08/20 08:29,2020/08/20 08:29
226,ssM-CpGiant-3-20190726,2000-01-01,SeqCap Epi CpGiant Enrichment Kit,71.0,9,38.2,40.0,LZL,无,2020/08/20 08:29,2020/08/20 08:29
227,ssM-CpGiant-8-20190506,2000-01-01,SeqCap Epi CpGiant Enrichment Kit,68.0,10,28.2,40.0,LZL,无,2020/08/20 08:29,2020/08/20 08:29
228,ssM-CpGiant-7-20190506,2000-01-01,SeqCap Epi CpGiant Enrichment Kit,68.0,10,30.2,40.0,LZL,无,2020/08/20 08:29,2020/08/20 08:29
229,ssM-CpGiant-6-20190506,2000-01-01,SeqCap Epi CpGiant Enrichment Kit,68.0,10,26.4,40.0,LZL,无,2020/08/20 08:29,2020/08/20 08:29
230,ssM-CpGiant-5-20190506,2000-01-01,SeqCap Epi CpGiant Enrichment Kit,68.0,10,28.4,40.0,LZL,无,2020/08/20 08:29,2020/08/20 08:29
231,ssM-CpGiant-4-20190506,2000-01-01,SeqCap Epi CpGiant Enrichment Kit,68.0,10,23.0,40.0,CSS,无,2020/08/20 08:29,2020/08/20 08:29
232,ssM-CpGiant-3-20190506,2000-01-01,SeqCap Epi CpGiant Enrichment Kit,68.0,10,28.6,40.0,CSS,无,2020/08/20 08:29,2020/08/20 08:29
233,ssM-CpGiant-2-20190506,2000-01-01,SeqCap Epi CpGiant Enrichment Kit,68.0,10,28.6,40.0,CSS,无,2020/08/20 08:29,2020/08/20 08:29
234,ssM-CpGiant-1-20190506,2000-01-01,SeqCap Epi CpGiant Enrichment Kit,68.0,10,29.6,40.0,CSS,无,2020/08/20 08:29,2020/08/20 08:29
235,ssM-CpGiant-4-20190408,2000-01-01,SeqCap Epi CpGiant Enrichment Kit,71.5,10,30.6,40.0,LZL,无,2020/08/20 08:29,2020/08/20 08:29
236,ssM-CpGiant-3-20190408,2000-01-01,SeqCap Epi CpGiant Enrichment Kit,71.5,10,37.4,40.0,LZL,无,2020/08/20 08:29,2020/08/20 08:29
237,ssM-CpGiant-2-20190408,2000-01-01,SeqCap Epi CpGiant Enrichment Kit,71.5,10,39.6,40.0,LZL,无,2020/08/20 08:29,2020/08/20 08:29
238,ssM-CpGiant-1-20190408,2000-01-01,SeqCap Epi CpGiant Enrichment Kit,71.5,10,38.6,40.0,LZL,无,2020/08/20 08:29,2020/08/20 08:29
239,ssM-CpGiant-8-20190408,2000-01-01,SeqCap Epi CpGiant Enrichment Kit,71.5,10,44.2,40.0,CSS,无,2020/08/20 08:29,2020/08/20 08:29
240,ssM-CpGiant-7-20190408,2000-01-01,SeqCap Epi CpGiant Enrichment Kit,71.5,10,42.8,40.0,CSS,无,2020/08/20 08:29,2020/08/20 08:29
241,ssM-CpGiant-6-20190408,2000-01-01,SeqCap Epi CpGiant Enrichment Kit,71.5,10,39.6,40.0,CSS,无,2020/08/20 08:29,2020/08/20 08:29
242,ssM-CpGiant-5-20190408,2000-01-01,SeqCap Epi CpGiant Enrichment Kit,71.5,10,41.2,40.0,CSS,无,2020/08/20 08:29,2020/08/20 08:29
243,ssM-CpGiangt-4-20190525,2000-01-01,SeqCap Epi CpGiant Enrichment Kit,67.0,10,31.0,40.0,LZL,无,2020/08/20 08:29,2020/08/20 08:29
244,ssM-CpGiangt-7-20190401,2000-01-01,SeqCap Epi CpGiant Enrichment Kit,9999.0,10,36.4,40.0,LZL,无,2020/08/20 08:29,2020/08/20 08:29
245,ssM-CpGiangt-6-20190401,2000-01-01,SeqCap Epi CpGiant Enrichment Kit,9999.0,10,34.8,40.0,LZL,无,2020/08/20 08:29,2020/08/20 08:29
246,ssM-CpGiangt-5-20190401,2000-01-01,SeqCap Epi CpGiant Enrichment Kit,9999.0,10,27.4,40.0,LZL,无,2020/08/20 08:29,2020/08/20 08:29
247,ssM-CpGiant-4-20190401,2000-01-01,SeqCap Epi CpGiant Enrichment Kit,9999.0,9999,9999.0,9999.0,CSS,无,2020/08/20 08:29,2020/08/20 08:29
248,ssM-CpGiant-3-20190401,2000-01-01,SeqCap Epi CpGiant Enrichment Kit,9999.0,9999,9999.0,9999.0,CSS,无,2020/08/20 08:29,2020/08/20 08:29
249,ssM-CpGiant-2-20190401,2000-01-01,SeqCap Epi CpGiant Enrichment Kit,9999.0,9999,9999.0,9999.0,CSS,无,2020/08/20 08:29,2020/08/20 08:29
250,ssM-CpGiant-1-20190401,2000-01-01,SeqCap Epi CpGiant Enrichment Kit,9999.0,9999,9999.0,9999.0,CSS,无,2020/08/20 08:29,2020/08/20 08:29
251,ssM-CpGiant-4-20190326,2000-01-01,SeqCap Epi CpGiant Enrichment Kit,64.0,10,36.8,40.0,LZL,无,2020/08/20 08:29,2020/08/20 08:29
252,ssM-CpGiant-3-20190326,2000-01-01,SeqCap Epi CpGiant Enrichment Kit,64.0,10,32.0,40.0,LZL,无,2020/08/20 08:29,2020/08/20 08:29
253,ssM-CpGiant-2-20190326,2000-01-01,SeqCap Epi CpGiant Enrichment Kit,64.0,10,41.2,40.0,LZL,无,2020/08/20 08:29,2020/08/20 08:29
254,ssM-CpGiant-1-20190326,2000-01-01,SeqCap Epi CpGiant Enrichment Kit,64.0,10,34.2,40.0,LZL,无,2020/08/20 08:29,2020/08/20 08:29
255,ssM-CpGiant-8-20190326,2000-01-01,SeqCap Epi CpGiant Enrichment Kit,64.0,10,41.0,40.0,CSS,无,2020/08/20 08:29,2020/08/20 08:29
256,ssM-CpGiant-7-20190326,2000-01-01,SeqCap Epi CpGiant Enrichment Kit,64.0,10,32.4,40.0,CSS,无,2020/08/20 08:29,2020/08/20 08:29
257,ssM-CpGiant-6-20190326,2000-01-01,SeqCap Epi CpGiant Enrichment Kit,64.0,10,36.8,40.0,CSS,无,2020/08/20 08:29,2020/08/20 08:29
258,ssM-CpGiant-5-20190326,2000-01-01,SeqCap Epi CpGiant Enrichment Kit,64.0,10,42.6,40.0,CSS,无,2020/08/20 08:29,2020/08/20 08:29
259,ssM-CpGiant-8-20190322,2000-01-01,SeqCap Epi CpGiant Enrichment Kit,70.0,10,46.8,40.0,LZL,无,2020/08/20 08:29,2020/08/20 08:29
260,ssM-CpGiant-7-20190322,2000-01-01,SeqCap Epi CpGiant Enrichment Kit,70.0,10,42.0,40.0,LZL,无,2020/08/20 08:29,2020/08/20 08:29
261,ssM-CpGiant-6-20190322,2000-01-01,SeqCap Epi CpGiant Enrichment Kit,70.0,10,43.0,40.0,LZL,无,2020/08/20 08:29,2020/08/20 08:29
262,ssM-CpGiant-5-20190322,2000-01-01,SeqCap Epi CpGiant Enrichment Kit,70.0,10,45.0,40.0,LZL,无,2020/08/20 08:29,2020/08/20 08:29
263,ssM-CpGiant-8-20190314,2000-01-01,SeqCap Epi CpGiant Enrichment Kit,73.0,10,47.2,40.0,CSS,无,2020/08/20 08:29,2020/08/20 08:29
264,ssM-CpGiant-7-20190314,2000-01-01,SeqCap Epi CpGiant Enrichment Kit,73.0,10,43.4,40.0,CSS,无,2020/08/20 08:29,2020/08/20 08:29
265,ssM-CpGiant-6-20190314,2000-01-01,SeqCap Epi CpGiant Enrichment Kit,73.0,10,45.0,40.0,CSS,无,2020/08/20 08:29,2020/08/20 08:29
266,ssM-CpGiant-5-20190314,2000-01-01,SeqCap Epi CpGiant Enrichment Kit,73.0,10,38.0,40.0,CSS,无,2020/08/20 08:29,2020/08/20 08:29
267,ssM-CpGiant-4-20190314,2000-01-01,SeqCap Epi CpGiant Enrichment Kit,73.0,10,54.2,40.0,LZL,无,2020/08/20 08:29,2020/08/20 08:29
268,ssM-CpGiant-3-20190314,2000-01-01,SeqCap Epi CpGiant Enrichment Kit,73.0,10,60.2,40.0,LZL,无,2020/08/20 08:29,2020/08/20 08:29
269,ssM-CpGiant-2-20190314,2000-01-01,SeqCap Epi CpGiant Enrichment Kit,73.0,10,46.2,40.0,LZL,无,2020/08/20 08:29,2020/08/20 08:29
270,ssM-CpGiant-1-20190314,2000-01-01,SeqCap Epi CpGiant Enrichment Kit,73.0,10,46.2,40.0,LZL,无,2020/08/20 08:29,2020/08/20 08:29
271,ssM-CpGiangt-4-20190312,2000-01-01,SeqCap Epi CpGiant Enrichment Kit,9999.0,9999,9999.0,9999.0,LZL,无,2020/08/20 08:29,2020/08/20 08:29
272,ssM-CpGiangt-7-20190312,2000-01-01,SeqCap Epi CpGiant Enrichment Kit,9999.0,9999,9999.0,9999.0,LZL,无,2020/08/20 08:29,2020/08/20 08:29
273,ssM-CpGiangt-6-20190312,2000-01-01,SeqCap Epi CpGiant Enrichment Kit,9999.0,9999,9999.0,9999.0,LZL,无,2020/08/20 08:29,2020/08/20 08:29
274,ssM-CpGiangt-5-20190312,2000-01-01,SeqCap Epi CpGiant Enrichment Kit,9999.0,9999,9999.0,9999.0,LZL,无,2020/08/20 08:29,2020/08/20 08:29
275,ssM-CpGiant-9-20190301,2000-01-01,SeqCap Epi CpGiant Enrichment Kit,71.0,10,43.8,9999.0,CSS,无,2020/08/20 08:29,2020/08/20 08:29
276,ssM-CpGiant-8-20190301,2000-01-01,SeqCap Epi CpGiant Enrichment Kit,71.0,10,50.4,9999.0,CSS,无,2020/08/20 08:29,2020/08/20 08:29
277,ssM-CpGiant-7-20190301,2000-01-01,SeqCap Epi CpGiant Enrichment Kit,71.0,10,46.4,9999.0,CSS,无,2020/08/20 08:29,2020/08/20 08:29
278,ssM-CpGiant-6-20190301,2000-01-01,SeqCap Epi CpGiant Enrichment Kit,71.0,10,42.4,9999.0,CSS,无,2020/08/20 08:29,2020/08/20 08:29
279,ssM-CpGiant-5-20190301,2000-01-01,SeqCap Epi CpGiant Enrichment Kit,71.0,10,40.0,9999.0,CSS,无,2020/08/20 08:29,2020/08/20 08:29
280,ssM-CpGiant-3-20190301,2000-01-01,SeqCap Epi CpGiant Enrichment Kit,71.0,10,47.0,9999.0,CSS,无,2020/08/20 08:29,2020/08/20 08:29
281,ssM-CpGiant-2-20190301,2000-01-01,SeqCap Epi CpGiant Enrichment Kit,71.0,10,49.6,9999.0,CSS,无,2020/08/20 08:29,2020/08/20 08:29
282,ssM-CpGiant-1-20190301,2000-01-01,SeqCap Epi CpGiant Enrichment Kit,71.0,10,57.8,9999.0,CSS,无,2020/08/20 08:29,2020/08/20 08:29
283,ssM-CpGiannt-11-20180308,2000-01-01,SeqCap Epi CpGiant Enrichment Kit,9999.0,9999,9999.0,9999.0,LZL,无,2020/08/20 08:29,2020/08/20 08:29
284,ssM-CpGiannt-10-20180308,2000-01-01,SeqCap Epi CpGiant Enrichment Kit,9999.0,9999,9999.0,9999.0,LZL,无,2020/08/20 08:29,2020/08/20 08:29
285,ssM-CpGiannt-9-20180308,2000-01-01,SeqCap Epi CpGiant Enrichment Kit,9999.0,9999,9999.0,9999.0,LZL,无,2020/08/20 08:29,2020/08/20 08:29
286,ssM-CpGiant-5-20190722_2,2000-01-01,SeqCap Epi CpGiant Enrichment Kit,9999.0,9999,9999.0,9999.0,LZL,无,2020/08/20 08:29,2020/08/20 08:29
287,ssM-CpGiant-5-20190722_1,2000-01-01,SeqCap Epi CpGiant Enrichment Kit,71.0,9,28.4,40.0,LZL,无,2020/08/20 08:29,2020/08/20 08:29
288,ssM-CpGiant-2-20190712,2000-01-01,SeqCap Epi CpGiant Enrichment Kit,9999.0,9999,9999.0,9999.0,LZL,无,2020/08/20 08:29,2020/08/20 08:29
289,ssM-CpGiant-1-20190712,2000-01-01,SeqCap Epi CpGiant Enrichment Kit,9999.0,9999,9999.0,9999.0,LZL,无,2020/08/20 08:29,2020/08/20 08:29
290,ssM-CpGiant-6-190215,2000-01-01,SeqCap Epi CpGiant Enrichment Kit,68.0,10,53.2,40.0,CSS,无,2020/08/20 08:29,2020/08/20 08:29
291,ssM-CpGiant-5-190215,2000-01-01,SeqCap Epi CpGiant Enrichment Kit,68.0,10,45.0,40.0,CSS,无,2020/08/20 08:29,2020/08/20 08:29
292,ssM-CpGiant-4-190215,2000-01-01,SeqCap Epi CpGiant Enrichment Kit,68.0,10,35.6,40.0,CSS,无,2020/08/20 08:29,2020/08/20 08:29
293,ssM-CpGiant-3-190215,2000-01-01,SeqCap Epi CpGiant Enrichment Kit,68.0,10,44.4,40.0,CSS,无,2020/08/20 08:29,2020/08/20 08:29
294,ssM-CpGiant-2-190215,2000-01-01,SeqCap Epi CpGiant Enrichment Kit,68.0,10,30.6,40.0,CSS,无,2020/08/20 08:29,2020/08/20 08:29
295,ssM-CpGiant-1-190215,2000-01-01,SeqCap Epi CpGiant Enrichment Kit,68.0,10,29.0,40.0,CSS,无,2020/08/20 08:29,2020/08/20 08:29
296,ssM-CpGiant-4-190128,2000-01-01,SeqCap Epi CpGiant Enrichment Kit,69.5,10,9999.0,40.0,CSS,无,2020/08/20 08:29,2020/08/20 08:29
297,ssM-CpGiant-3-190128,2000-01-01,SeqCap Epi CpGiant Enrichment Kit,69.5,10,9999.0,40.0,CSS,无,2020/08/20 08:29,2020/08/20 08:29
298,ssM-CpGiant-2-190128,2000-01-01,SeqCap Epi CpGiant Enrichment Kit,69.5,10,9999.0,40.0,CSS,无,2020/08/20 08:29,2020/08/20 08:29
299,ssM-CpGiant-1-190128,2000-01-01,SeqCap Epi CpGiant Enrichment Kit,69.5,10,9999.0,40.0,CSS,无,2020/08/20 08:29,2020/08/20 08:29
300,ssM-CpGiant-4-190129,2000-01-01,SeqCap Epi CpGiant Enrichment Kit,68.5,10,9999.0,40.0,CSS,无,2020/08/20 08:29,2020/08/20 08:29
301,ssM-CpGiant-3-190129,2000-01-01,SeqCap Epi CpGiant Enrichment Kit,68.5,10,9999.0,40.0,CSS,无,2020/08/20 08:29,2020/08/20 08:29
302,ssM-CpGiant-2-190129,2000-01-01,SeqCap Epi CpGiant Enrichment Kit,68.5,10,9999.0,40.0,CSS,无,2020/08/20 08:29,2020/08/20 08:29
303,ssM-CpGiant-1-190129,2000-01-01,SeqCap Epi CpGiant Enrichment Kit,68.5,10,9999.0,40.0,CSS,无,2020/08/20 08:29,2020/08/20 08:29
304,ssM-CpGiant-4-190125,2000-01-01,SeqCap Epi CpGiant Enrichment Kit,67.5,10,44.2,40.0,CSS,无,2020/08/20 08:29,2020/08/20 08:29
305,ssM-CpGiant-3-190125,2000-01-01,SeqCap Epi CpGiant Enrichment Kit,67.5,10,48.8,40.0,CSS,无,2020/08/20 08:29,2020/08/20 08:29
306,ssM-CpGiant-2-190125,2000-01-01,SeqCap Epi CpGiant Enrichment Kit,67.5,10,44.8,40.0,CSS,无,2020/08/20 08:29,2020/08/20 08:29
307,ssM-CpGiant-1-190125,2000-01-01,SeqCap Epi CpGiant Enrichment Kit,67.5,10,40.4,40.0,CSS,无,2020/08/20 08:29,2020/08/20 08:29
308,ssM-CpGiant-4-190122,2000-01-01,SeqCap Epi CpGiant Enrichment Kit,67.5,11,77.4,40.0,CSS,无,2020/08/20 08:29,2020/08/20 08:29
309,ssM-CpGiant-3-190122,2000-01-01,SeqCap Epi CpGiant Enrichment Kit,67.5,11,76.4,40.0,CSS,无,2020/08/20 08:29,2020/08/20 08:29
310,ssM-CpGiant-2-190122,2000-01-01,SeqCap Epi CpGiant Enrichment Kit,67.5,11,77.8,40.0,CSS,无,2020/08/20 08:29,2020/08/20 08:29
311,ssM-CpGiant-1-190122,2000-01-01,SeqCap Epi CpGiant Enrichment Kit,67.5,11,83.2,40.0,CSS,无,2020/08/20 08:29,2020/08/20 08:29
312,ssM-CpGiant-4-190115,2000-01-01,SeqCap Epi CpGiant Enrichment Kit,70.0,11,9999.0,40.0,CSS,无,2020/08/20 08:29,2020/08/20 08:29
313,ssM-CpGiant-3-190115,2000-01-01,SeqCap Epi CpGiant Enrichment Kit,70.0,11,9999.0,40.0,CSS,无,2020/08/20 08:29,2020/08/20 08:29
314,ssM-CpGiant-2-190115,2000-01-01,SeqCap Epi CpGiant Enrichment Kit,70.0,11,9999.0,40.0,CSS,无,2020/08/20 08:29,2020/08/20 08:29
315,ssM-CpGiant-1-190115,2000-01-01,SeqCap Epi CpGiant Enrichment Kit,70.0,11,9999.0,40.0,CSS,无,2020/08/20 08:29,2020/08/20 08:29
316,ssM-CpGiant-5-190109,2000-01-01,SeqCap Epi CpGiant Enrichment Kit,70.0,11,9999.0,40.0,CSS,无,2020/08/20 08:29,2020/08/20 08:29
317,ssM-CpGiant-4-190109,2000-01-01,SeqCap Epi CpGiant Enrichment Kit,70.0,11,48.8,40.0,CSS,无,2020/08/20 08:29,2020/08/20 08:29
318,ssM-CpGiant-3-190109,2000-01-01,SeqCap Epi CpGiant Enrichment Kit,70.0,11,59.8,40.0,CSS,无,2020/08/20 08:29,2020/08/20 08:29
319,ssM-CpGiant-2-190109,2000-01-01,SeqCap Epi CpGiant Enrichment Kit,70.0,11,38.8,40.0,CSS,无,2020/08/20 08:29,2020/08/20 08:29
320,ssM-CpGiant-1-190109,2000-01-01,SeqCap Epi CpGiant Enrichment Kit,70.0,11,44.2,40.0,CSS,无,2020/08/20 08:29,2020/08/20 08:29
321,ssM-CpGiant-4-190104,2000-01-01,SeqCap Epi CpGiant Enrichment Kit,67.0,12,110.0,40.0,CSS,无,2020/08/20 08:29,2020/08/20 08:29
322,ssM-CpGiant-1-3-90104,2000-01-01,SeqCap Epi CpGiant Enrichment Kit,67.0,12,118.0,40.0,CSS,无,2020/08/20 08:29,2020/08/20 08:29
323,ssM-CpGiant-2-190104,2000-01-01,SeqCap Epi CpGiant Enrichment Kit,67.0,12,110.0,40.0,CSS,无,2020/08/20 08:29,2020/08/20 08:29
324,ssM-CpGiant-1-190104,2000-01-01,SeqCap Epi CpGiant Enrichment Kit,67.0,12,110.0,40.0,CSS,无,2020/08/20 08:29,2020/08/20 08:29
325,"ssM-CpGiant-181225-2
",2000-01-01,SeqCap Epi CpGiant Enrichment Kit,70.0,12,57.8,40.0,CSS,无,2020/08/20 08:29,2020/08/20 08:29
326,"ssM-CpGiant-181225-1
",2000-01-01,SeqCap Epi CpGiant Enrichment Kit,70.0,12,48.8,40.0,CSS,无,2020/08/20 08:29,2020/08/20 08:29
327,"ssM-CpGiant-181218-2
",2000-01-01,SeqCap Epi CpGiant Enrichment Kit,67.5,13,17.6,40.0,CSS,无,2020/08/20 08:29,2020/08/20 08:29
328,"ssM-CpGiant-181218-1
",2000-01-01,SeqCap Epi CpGiant Enrichment Kit,66.5,12,16.2,40.0,CSS,无,2020/08/20 08:29,2020/08/20 08:29
329,ssM-CpGiant-20181116-2,2000-01-01,SeqCap Epi CpGiant Enrichment Kit,68.6,11,26.0,40.0,CSS,无,2020/08/20 08:29,2020/08/20 08:29
330,ssM-CpGiant-20181116-1,2000-01-01,SeqCap Epi CpGiant Enrichment Kit,68.6,11,25.8,40.0,CSS,无,2020/08/20 08:29,2020/08/20 08:29
331,ssM-CpGiant-2-20190726,2000-01-01,SeqCap Epi CpGiant Enrichment Kit,71.0,9,35.0,40.0,CSS,无,2020/08/20 08:29,2020/08/20 08:29
332,ssM-CpGiant-1-20190726,2000-01-01,SeqCap Epi CpGiant Enrichment Kit,71.0,9,35.4,40.0,CSS,无,2020/08/20 08:29,2020/08/20 08:29
333,ssM-CpGiant-1-20191129（LZL）,2000-01-01,SeqCap Epi CpGiant Enrichment Kit,71.5,10,51.6,40.0,CSS,无,2020/08/20 08:29,2020/08/20 08:29
334,ssM-CpGiant-2-20191129（LZL）,2000-01-01,SeqCap Epi CpGiant Enrichment Kit,71.5,10,79.4,40.0,CSS,无,2020/08/20 08:29,2020/08/20 08:29
335,ssM-CpGiant-20181105,2000-01-01,SeqCap Epi CpGiant Enrichment Kit,70.5,12,61.6,40.0,CSS,无,2020/08/20 08:29,2020/08/20 08:29
336,ssM-CpGiant-20181102,2000-01-01,SeqCap Epi CpGiant Enrichment Kit,70.5,12,80.0,40.0,CSS,无,2020/08/20 08:29,2020/08/20 08:29
337,ssM-CpGiant-20181023,2000-01-01,SeqCap Epi CpGiant Enrichment Kit,70.0,13,61.0,40.0,CSS,无,2020/08/20 08:29,2020/08/20 08:29
338,ssM-choice-2-20180928,2000-01-01,SeqCap Epi Choice S Probes,66.0,13,23.0,40.0,CSS,无,2020/08/20 08:29,2020/08/20 08:29
339,ssM-choice-1-20180928,2000-01-01,SeqCap Epi Choice S Probes,66.0,13,24.8,40.0,CSS,无,2020/08/20 08:29,2020/08/20 08:29
340,ssM-choice-20180914,2000-01-01,SeqCap Epi Choice S Probes,42.0,14,46.0,40.0,CSS,无,2020/08/20 08:29,2020/08/20 08:29
341,ssM-Choice-20180823-1,2000-01-01,SeqCap Epi Choice S Probes,22.5,14,67.4,32.0,LZL,无,2020/08/20 08:29,2020/08/20 08:29
342,SSM-CPG-20180601,2000-01-01,SeqCap Epi CpGiant Enrichment Kit,66.0,14,85.6,32.0,LZL,无,2020/08/20 08:29,2020/08/20 08:29
343,CSS-SSUMI-20180518,2000-01-01,ZJC-IDT探针,9999.0,9999,20.8,9999.0,何阳,无,2020/08/20 08:29,2020/08/20 08:29
344,ssM-CpGiant-5-20190726,2000-01-01,SeqCap Epi CpGiant Enrichment Kit,71.0,9,28.6,40.0,LZL,无,2020/08/20 08:29,2020/08/20 06:32
345,ssM-BisCap-2,2000-01-01,BisCap Target Probes,22.0,16,1.3,40.0,LZL,无,2020/08/20 08:29,2020/08/20 06:32
346,ssM-BisCap-1,2000-01-01,BisCap Target Probes,22.0,16,1.07,40.0,LZL,无,2020/08/20 08:29,2020/08/20 06:32
347,ssM-Choice-20180823-2,2000-01-01,SeqCap Epi Choice S Probes,22.5,14,94.6,32.0,LZL,无,2020/08/20 08:29,2020/08/20 06:32
348,SSM-CPG-20180802,2000-01-01,SeqCap Epi CpGiant Enrichment Kit,69.0,14,69.4,32.0,LZL,无,2020/08/20 08:29,2020/08/20 06:32
